{"cameraMode":{"drawMode":0,"name":"Shaded","section":"Shading Mode"},"sceneLighting":true,"audioPlay":false,"sceneViewState":{"m_AlwaysRefresh":false,"showFog":true,"showSkybox":true,"showFlares":true,"showImageEffects":true,"showParticleSystems":true,"showVisualEffectGraphs":true,"m_FxEnabled":true},"in2DMode":false,"pivot":{"x":-2.1808369159698488,"y":13.087234497070313,"z":-13.539398193359375},"rotation":{"x":-0.0645185261964798,"y":0.032925114035606387,"z":-0.002129955915734172,"w":-0.9973714351654053},"size":17.543251037597658,"orthographic":true}