{"cameraMode":{"drawMode":0,"name":"Shaded","section":"Shading Mode"},"sceneLighting":false,"audioPlay":false,"sceneViewState":{"m_AlwaysRefresh":false,"showFog":true,"showSkybox":false,"showFlares":true,"showImageEffects":true,"showParticleSystems":true,"showVisualEffectGraphs":true,"m_FxEnabled":true},"in2DMode":false,"pivot":{"x":0.00007717472908552736,"y":-9.836585377343e-7,"z":-5.537785909837112e-7},"rotation":{"x":-0.003692023456096649,"y":0.979942262172699,"z":0.018230976536870004,"w":0.1984366923570633},"size":0.012838440015912056,"orthographic":true}